﻿<parameters>
  <parameter name="IIS Web Application Name" defaultValue="Project2.4Api" tags="IisApp">
    <parameterEntry kind="ProviderPath" scope="IisApp" match="^D:\\Source\\Project2\.4\\project2\.4\\project2\.4\.API\\obj\\Release\\Package\\PackageTmp$" />
    <parameterEntry kind="ProviderPath" scope="setAcl" match="^D:\\Source\\Project2\.4\\project2\.4\\project2\.4\.API\\obj\\Release\\Package\\PackageTmp$" />
  </parameter>
  <parameter name="DefaultConnection-Web.config Connection String" defaultValue="Data Source=(LocalDb)\MSSQLLocalDB;AttachDbFilename=|DataDirectory|\aspnet-project2.4.API-20180514044331.mdf;Initial Catalog=aspnet-project2.4.API-20180514044331;Integrated Security=True">
    <parameterEntry kind="XmlFile" scope="D:\\Source\\Project2\.4\\project2\.4\\project2\.4\.API\\obj\\Release\\Package\\PackageTmp\\Web\.config$" match="/configuration/connectionStrings/add[@name='DefaultConnection']/@connectionString" />
  </parameter>
  <parameter name="Project2.4DB-Web.config Connection String" defaultValue="Data Source=LAPTOP-CK1AGT22\SQLEXPRESS; Initial Catalog=Project2.4DB;Trusted_Connection=True;">
    <parameterEntry kind="XmlFile" scope="D:\\Source\\Project2\.4\\project2\.4\\project2\.4\.API\\obj\\Release\\Package\\PackageTmp\\Web\.config$" match="/configuration/connectionStrings/add[@name='Project2.4DB']/@connectionString" />
  </parameter>
</parameters>